age_bin,n,med_gini,med_hhi,med_bf,med_authors,med_commits,age_range_years
<Q1 (youngest),87,0.6417582417582418,0.3648170011806375,3.0,9.0,101.0,0.1–2.8
Q1-Q2,86,0.6119868637110015,0.385976021468144,3.0,9.5,167.0,2.8–4.2
Q2-Q3,86,0.6470410315867092,0.35202286902922386,3.0,10.5,193.0,4.2–5.7
Q4 (oldest),86,0.6127987593504834,0.326224856899781,3.0,10.0,134.5,5.7–10.2
